ID,Nome Apparato,Tipologia,Frazione,Tipo Geometria,Stato / Attivazione Cantiere,Periodo Lavori (Inizio - Fine),Vie Coinvolte,Riferimento Ordinanza Comunale,Latitudine,Longitudine,Quota (m s.l.m.),Lunghezza (m),Lunghezza (km),Superficie (m²),Superficie (km²),Note Tecniche e Dettagli sul Campo,Link Google Maps,Link Ordinanza PDF
0C11108026419D776229,Cantiere 1 NON ESEGUITO,Cantiere FTTH (Tratta Non Eseguita),Collesalvetti,LineString,NON_ESEGUITO,2026-09-14 -> 2026-10-02,"Via Nenni, Via Roma (rotatoria Via Nenni), Via del Valico a Pisa, Via di Cerretello",Ordinanza P.M. n. 88 del 02/09/2026 (Reg. Gen. 95),43.591353,10.473372,,384.6,0.385,,,"Si notano solamente dei segni blu (oltre ai soliti colori), che indicano Fibercop , sull'asfalto","https://www.google.com/maps?q=43.591353,10.473372",ordinanze/ordinanza_95_2026_collesalvetti_cantiere1.pdf
0D01C4A3D9419D77F4F8,Cantiere 1 ESEGUITO,Cantiere FTTH (Tratta Eseguita),Collesalvetti,LineString,ESEGUITO,2026-09-14 -> 2026-10-02,"Via Nenni, Via Roma (rotatoria Via Nenni), Via del Valico a Pisa, Via di Cerretello",Ordinanza P.M. n. 88 del 02/09/2026 (Reg. Gen. 95),43.597359,10.478268,,580.3,0.58,,,"Tratta stabilita con un walk-in in data 29/09/2026 e 03/10/2026. Si notano minitrincee, matasse di corrugati e birilli. Oltre a una serie di pozzetti Fibercop.","https://www.google.com/maps?q=43.597359,10.478268",ordinanze/ordinanza_95_2026_collesalvetti_cantiere1.pdf
038A8E74E7419D783FA8,C [01] ARL,ARL (Rame),Collesalvetti,Point,,,,,43.595685,10.474887,14.3,,,,,Colonnina e-distribuzione | Apparato supplementare | Tombini Telecom e TIM vicini,"https://www.google.com/maps?q=43.595685,10.474887",
0D4F245AFD419D79C210,C [02] ARL,ARL (Rame),Collesalvetti,Point,,,,,43.591096,10.475529,25.8,,,,,Colonnina e-distribuzione | Apparato aggiuntivo | Tombino Telecom datato,"https://www.google.com/maps?q=43.591096,10.475529",
0F23EA90BA419D7FECB9,C [04] ARL,ARL (Rame),Collesalvetti,Point,,,,,43.588583,10.473953,21.4,,,,,Solo ARL,"https://www.google.com/maps?q=43.588583,10.473953",
0F8841432F419D838E0B,C [9605] ARL,ARL (Rame),Collesalvetti,Point,,,,,43.588526,10.472213,23.0,,,,,Solo ARL,"https://www.google.com/maps?q=43.588526,10.472213",
030934D8B9419D824C48,C [9606] ARL,ARL (Rame),Collesalvetti,Point,,,,,43.58851,10.47337,26.4,,,,,Colonnina e-distribuzione,"https://www.google.com/maps?q=43.58851,10.47337",
0C1639DB3D41C037B01F,C [07] ARL,ARL (Rame),Collesalvetti,Point,,,,,43.593381,10.471502,13.0,,,,,Colonnina e-distribuzione,"https://www.google.com/maps?q=43.593381,10.471502",
051EB54D5C419D7EA6D4,C [08] ARL,ARL (Rame),Collesalvetti,Point,,,,,43.587389,10.476109,47.0,,,,,Solo ARL | NUMERO DA VERIFICARE IRL,"https://www.google.com/maps?q=43.587389,10.476109",
06A6E2BD72419DA42506,V [01] ARL,ARL (Rame),Vicarello,Point,,,,,43.615979,10.463939,8.9,,,,,Piccolo apparato e-distribuzione appeso allo SLAM,"https://www.google.com/maps?q=43.615979,10.463939",
0698C7718E419DA0FA44,V [02] ARL,ARL (Rame),Vicarello,Point,,,,,43.614158,10.464706,8.3,,,,,Colonnina e-distribuzione | Apparato aggiuntivo | Tombini TIM e INWIT,"https://www.google.com/maps?q=43.614158,10.464706",
0ECF9F5C0F419DA225A1,V [03] ARL,ARL (Rame),Vicarello,Point,,,,,43.611401,10.462766,7.2,,,,,Colonnina e-distribuzione,"https://www.google.com/maps?q=43.611401,10.462766",
0305AC62A2419D9EC684,V [04] ARL,ARL (Rame),Vicarello,Point,,,,,43.611423,10.467038,9.4,,,,,Colonnina e-distribuzione,"https://www.google.com/maps?q=43.611423,10.467038",
0047495E12419D9FD2E4,V [05] ARL,ARL (Rame),Vicarello,Point,,,,,43.608954,10.468205,9.9,,,,,Solo ARL | NUOVO DAL 2025,"https://www.google.com/maps?q=43.608954,10.468205",
0E749B0B68419D9E6D0F,V [06] ARL,ARL (Rame),Vicarello,Point,,,,,43.607712,10.469103,20.1,,,,,Colonnina e-distribuzione,"https://www.google.com/maps?q=43.607712,10.469103",
0EE4D73D73419DA346CF,V [07] ARL,ARL (Rame),Vicarello,Point,,,,,43.60849,10.459436,8.1,,,,,Colonnina e-distribuzione,"https://www.google.com/maps?q=43.60849,10.459436",
086A77D7C1419DA6C13B,V [08] ARL,ARL (Rame),Vicarello,Point,,,,,43.605143,10.440451,6.2,,,,,Colonnina e-distribuzione,"https://www.google.com/maps?q=43.605143,10.440451",
073CCE441A419DEDF933,S [28] ARLO,ARLO (Ottico FiberCop),Stagno,Point,,,,,43.590687,10.35622,9.2,,,,,,"https://www.google.com/maps?q=43.590687,10.35622",
0B539CBC0B41A1D9DE66,S [02] ARL,ARL (Rame),Stagno,Point,,,,,43.592438,10.350568,2.5,,,,,Con apparato aggiuntivo,"https://www.google.com/maps?q=43.592438,10.350568",
0263F1596941C03C8160,S [04] ARL,ARL (Rame),Stagno,Point,,,,,43.589338,10.353907,5.4,,,,,Colonnina e-distribuzione,"https://www.google.com/maps?q=43.589338,10.353907",
08BC1C303941A1DD1397,S [05] ARL,ARL (Rame),Stagno,Point,,,,,43.590359,10.353377,12.5,,,,,Solo ARL,"https://www.google.com/maps?q=43.590359,10.353377",
0E5AD376F741A1E1369B,S [07] ARL,ARL (Rame),Stagno,Point,,,,,43.589462,10.349117,2.7,,,,,Solo ARL,"https://www.google.com/maps?q=43.589462,10.349117",
0D98E9743941A1DA3CA8,Coppie di corrugati scoperti,Infrastruttura / Corrugati,Altro,Point,,,,,43.591341,10.350005,2.4,,,,,,"https://www.google.com/maps?q=43.591341,10.350005",
017CFF11F041A1FE2121,G [01] ARL,ARL (Rame),Guasticce,Point,,,,,43.597713,10.408314,4.3,,,,,Solo ARL | Tombini TIM vicini,"https://www.google.com/maps?q=43.597713,10.408314",
0D6146352741A1FCE21E,G [02] ARL,ARL (Rame),Guasticce,Point,,,,,43.597372,10.405911,4.9,,,,,Colonnina e-distribuzione,"https://www.google.com/maps?q=43.597372,10.405911",
03D89618D341A1FAF659,G [0?] ARL,ARL (Rame),Guasticce,Point,,,,,43.59665,10.391757,2.8,,,,,Alimentazione e-distribuzione appesa allo SLAM | Da verificare numero IRL,"https://www.google.com/maps?q=43.59665,10.391757",
01B27264D9419D7C94C9,Centrale Comunale (Collesalvetti),Centrale Telecom (Sede OLT),Collesalvetti,Point,,,,,43.587841,10.477201,47.5,,,,,"XGS-PON (10 gigabit) | Tombini Telecom, TIM e Fastweb (quest'ultimo per allacciare Casa di Riposo Santa Caterina)","https://www.google.com/maps?q=43.587841,10.477201",
01700D6671419DAEA488,Centrale di Frazione (Vicarello),Centrale di Frazione,Vicarello,Point,,,,,43.608339,10.471259,17.1,,,,,,"https://www.google.com/maps?q=43.608339,10.471259",
05ACF8364E419DAFCD6E,Centrale di Frazione (Guasticce),Centrale di Frazione,Guasticce,Point,,,,,43.596228,10.406849,8.2,,,,,,"https://www.google.com/maps?q=43.596228,10.406849",
0BCA63C363419DB26088,Centrale di Frazione (Nugola),Centrale di Frazione,Nugola,Point,,,,,43.577525,10.438356,67.0,,,,,,"https://www.google.com/maps?q=43.577525,10.438356",
09ECE9F1E7419DB39FB6,Centrale di Frazione (Parrana San Martino),Centrale di Frazione,Parrana San Martino,Point,,,,,43.538167,10.442333,0.0,,,,,Frazione di Parrana San Martino,"https://www.google.com/maps?q=43.538167,10.442333",
057A74F77A419DB426D9,Centrale di Frazione (Parrana San Giusto),Centrale di Frazione,Parrana San Giusto,Point,,,,,43.528528,10.457333,0.0,,,,,Frazione di Parrana San Giusto,"https://www.google.com/maps?q=43.528528,10.457333",
03B291C7F3419DB5DFC8,Centrale di Frazione (Stagno),Centrale di Frazione,Stagno,Point,,,,,43.586222,10.347222,0.0,,,,,,"https://www.google.com/maps?q=43.586222,10.347222",
0F80C4A9C341A1D76E6B,Tratta Stagno (Maggio 2026-Giugno 2026),Tratta Fibra Posa,Stagno,LineString,,,,,43.591686,10.348608,,1833.4,1.833,,,,"https://www.google.com/maps?q=43.591686,10.348608",
06D81465DD41A1D7D42C,Tratta Stagno (Maggio 2026-Giugno 2026),Tratta Fibra Posa,Stagno,LineString,,,,,43.594286,10.351331,,346.9,0.347,,,,"https://www.google.com/maps?q=43.594286,10.351331",
0C88D2EDB941A20C5424,INFRATEL,Infrastruttura Infratel BUL,Altro,LineString,,,,,43.596264,10.406675,,6533.3,6.533,,,"TORSFNUGOLANUOVA | Un percorso con un misto di palifica, cavidotto e mini trincea per rilegare in fibra ottica le centrali Fibercop usando il progetto del MISR 2014-2020","https://www.google.com/maps?q=43.596264,10.406675",
02442DD76E41BFC6C1C1,Cantiere 1 NON ESEGUITO,Cantiere FTTH (Tratta Non Eseguita),Collesalvetti,LineString,NON_ESEGUITO,2026-09-14 -> 2026-10-02,"Via Nenni, Via Roma (rotatoria Via Nenni), Via del Valico a Pisa, Via di Cerretello",Ordinanza P.M. n. 88 del 02/09/2026 (Reg. Gen. 95),43.593705,10.474944,,96.5,0.097,,,"Si notano solamente dei segni blu (oltre ai soliti colori), che indicano Fibercop , sull'asfalto","https://www.google.com/maps?q=43.593705,10.474944",ordinanze/ordinanza_95_2026_collesalvetti_cantiere1.pdf
099D51459541BFC79191,Cantiere 1 NON ESEGUITO,Cantiere FTTH (Tratta Non Eseguita),Collesalvetti,LineString,NON_ESEGUITO,2026-09-14 -> 2026-10-02,"Via Nenni, Via Roma (rotatoria Via Nenni), Via del Valico a Pisa, Via di Cerretello",Ordinanza P.M. n. 88 del 02/09/2026 (Reg. Gen. 95),43.592936,10.47365,,513.7,0.514,,,"Si notano solamente dei segni blu (oltre ai soliti colori), che indicano Fibercop , sull'asfalto","https://www.google.com/maps?q=43.592936,10.47365",ordinanze/ordinanza_95_2026_collesalvetti_cantiere1.pdf
08DB97EDC341BFC840B3,Cantiere 1 ESEGUITO,Cantiere FTTH (Tratta Eseguita),Collesalvetti,LineString,ESEGUITO,2026-09-14 -> 2026-10-02,"Via Nenni, Via Roma (rotatoria Via Nenni), Via del Valico a Pisa, Via di Cerretello",Ordinanza P.M. n. 88 del 02/09/2026 (Reg. Gen. 95),43.595583,10.474905,,496.3,0.496,,,"Tratta stabilita con un walk-in in data 29/09/2026 e 03/10/2026. Si notano minitrincee, matasse di corrugati e birilli. Oltre a una serie di pozzetti Fibercop.","https://www.google.com/maps?q=43.595583,10.474905",ordinanze/ordinanza_95_2026_collesalvetti_cantiere1.pdf
0B6DD449B041BFC99520,Cantiere 1 NON ESEGUITO,Cantiere FTTH (Tratta Non Eseguita),Collesalvetti,LineString,NON_ESEGUITO,2026-09-14 -> 2026-10-02,"Via Nenni, Via Roma (rotatoria Via Nenni), Via del Valico a Pisa, Via di Cerretello",Ordinanza P.M. n. 88 del 02/09/2026 (Reg. Gen. 95),43.593354,10.477089,,340.9,0.341,,,"Si notano solamente dei segni blu (oltre ai soliti colori), che indicano Fibercop , sull'asfalto","https://www.google.com/maps?q=43.593354,10.477089",ordinanze/ordinanza_95_2026_collesalvetti_cantiere1.pdf
08927D586B41BFCD66AB,Area Coperta Collesalvetti,Area Coperta FTTH,Collesalvetti,Polygon,,,,,43.597352,10.478314,,,,205512.9,0.2055,,"https://www.google.com/maps?q=43.597352,10.478314",
08A788CB5441BFCE4768,Area NON Coperta Collesalvetti,Area NON Coperta,Collesalvetti,Polygon,,,,,43.591043,10.471834,,,,455950.0,0.456,,"https://www.google.com/maps?q=43.591043,10.471834",
0F1AE3268141C0558FB7,Tratto Scuole Connesse,Tratta Scuole Connesse,Collesalvetti,LineString,,,,,43.595701,10.474857,,345.6,0.346,,,"Realizzato nel 2025-2026, una decina di pozzetti marchio Fibercop (logo nuovo). Collega ARL 01 a Scuole medie e la nuova struttura di asilo nido ""I cubi"". Hanno fatto delle mini-trincee","https://www.google.com/maps?q=43.595701,10.474857",
03A16F4CC141C0599BFE,Tratto Sanità Connesse,Tratta Sanità Connesse,Collesalvetti,LineString,,,,,43.587826,10.477238,,348.3,0.348,,,Realizzato nel 2026. Scavo per conto di Fastweb che ha vinto il bando per connettere le strutture sanitarie nel comune. Pozzetti Fastweb e mini-trincee. Collega la centrale Fibercop a Casa di Riposo Santa Caterina e USL Collesalvetti.,"https://www.google.com/maps?q=43.587826,10.477238",
0F2DA583D541C062FA84,Area Coperta Stagno,Area Coperta FTTH,Stagno,Polygon,,,,,43.591561,10.348533,,,,371709.9,0.3717,,"https://www.google.com/maps?q=43.591561,10.348533",
07BBF594BC41C065D329,Area NON Coperta Stagno,Area NON Coperta,Stagno,Polygon,,,,,43.589887,10.347674,,,,91283.7,0.0913,,"https://www.google.com/maps?q=43.589887,10.347674",
0AD5AAF68741C10071CC,Cantiere 2 (05/10-17/10),Cantiere FTTH (Nuova Ordinanza Programmata),Stagno,LineString,PROGRAMMATO,2026-09-21 -> 2026-10-16,"Via Otto Marzo, Via Romita, Via De Gasperi, Via Machiavelli, Via XXV Aprile, Piazza Di Vittorio",Ordinanza P.M. n. 95 del 10/09/2026 (Reg. Gen. 102),43.590227,10.353891,,792.4,0.792,,,Slittato... vecchia data 21/09-16/10,"https://www.google.com/maps?q=43.590227,10.353891",ordinanze/ordinanza_102_2026_stagno_cantiere2.pdf
04D8D17C9141C10125EB,Cantiere 2 (05/10-17/10),Cantiere FTTH (Nuova Ordinanza Programmata),Stagno,LineString,PROGRAMMATO,2026-09-21 -> 2026-10-16,"Via Otto Marzo, Via Romita, Via De Gasperi, Via Machiavelli, Via XXV Aprile, Piazza Di Vittorio",Ordinanza P.M. n. 95 del 10/09/2026 (Reg. Gen. 102),43.590159,10.353883,,360.5,0.36,,,Slittato... vecchia data 21/09-16/10,"https://www.google.com/maps?q=43.590159,10.353883",ordinanze/ordinanza_102_2026_stagno_cantiere2.pdf
01393CA83D41C1030753,Cantiere 2 (05/10-17/10),Cantiere FTTH (Nuova Ordinanza Programmata),Stagno,LineString,PROGRAMMATO,2026-09-21 -> 2026-10-16,"Via Otto Marzo, Via Romita, Via De Gasperi, Via Machiavelli, Via XXV Aprile, Piazza Di Vittorio",Ordinanza P.M. n. 95 del 10/09/2026 (Reg. Gen. 102),43.588516,10.353942,,277.9,0.278,,,Slittato... vecchia data 21/09-16/10,"https://www.google.com/maps?q=43.588516,10.353942",ordinanze/ordinanza_102_2026_stagno_cantiere2.pdf
05C7B1F97841C1CA147C,Opera sulla Backbone di 07/2026,Dorsale / Backbone Fibra,Stagno,LineString,,,,,43.571782,10.369152,,519.2,0.519,,,Opera di Fibercop su una tratta di backbone in fibra che va verso est quindi presumibilmente verso Collesalvetti. Ordinanza allegata...,"https://www.google.com/maps?q=43.571782,10.369152",
05B932036B41C1D8F728,INFRATEL,Infrastruttura Infratel BUL,Altro,LineString,,,,,43.538194,10.442316,,3462.3,3.462,,,Seconda ed ultima tratta di INFRATEL per rilegare le centrali di Parrana San Martino e Parrana San Giusto in fibra ottica. Prevalentemente in palifica (specialmente a nord-ovest),"https://www.google.com/maps?q=43.538194,10.442316",
0A2895209441C56CED8C,S [27] ARLO,ARLO (Ottico FiberCop),Stagno,Point,,,,,43.592688,10.350454,2.5,,,,,,"https://www.google.com/maps?q=43.592688,10.350454",
06D2B51C4A41C5796F90,S [03] ARL,ARL (Rame),Stagno,Point,,,,,43.589284,10.355304,9.0,,,,,Con apparato aggiuntivo,"https://www.google.com/maps?q=43.589284,10.355304",
087416D75C41C59E4800,Tratta Stagno (Maggio 2026-Giugno 2026),Tratta Fibra Posa,Stagno,LineString,,,,,43.59306,10.349492,,250.1,0.25,,,,"https://www.google.com/maps?q=43.59306,10.349492",
023213B9C541C59EFAE8,Tratta Stagno (Maggio 2026-Giugno 2026),Tratta Fibra Posa,Stagno,LineString,,,,,43.592858,10.350051,,119.4,0.119,,,,"https://www.google.com/maps?q=43.592858,10.350051",
03B96D8A3141C59F56F7,Tratta Stagno (Maggio 2026-Giugno 2026),Tratta Fibra Posa,Stagno,LineString,,,,,43.591477,10.349452,,149.9,0.15,,,,"https://www.google.com/maps?q=43.591477,10.349452",
0AB38499FF41C59FB9EC,Tratta Stagno (Maggio 2026-Giugno 2026),Tratta Fibra Posa,Stagno,LineString,,,,,43.59114,10.350885,,308.2,0.308,,,,"https://www.google.com/maps?q=43.59114,10.350885",
04A0FAC1A941E16312D8,Centrale Feeder (Livorno Nord),Centrale Feeder (Interconnessione Esterna),Altro,Point,,,,,43.549556,10.310667,0.0,,,,,"Grande centrale Fibercop che funge da ""feeder"" alla centrale comunale di Collesalvetti","https://www.google.com/maps?q=43.549556,10.310667",
0DE7916F26423746716E,Cantiere 1 NON ESEGUITO,Cantiere FTTH (Tratta Non Eseguita),Collesalvetti,LineString,NON_ESEGUITO,2026-09-14 -> 2026-10-02,"Via Nenni, Via Roma (rotatoria Via Nenni), Via del Valico a Pisa, Via di Cerretello",Ordinanza P.M. n. 88 del 02/09/2026 (Reg. Gen. 95),43.595608,10.474975,,182.8,0.183,,,"Si notano solamente dei segni blu (oltre ai soliti colori), che indicano Fibercop , sull'asfalto","https://www.google.com/maps?q=43.595608,10.474975",ordinanze/ordinanza_95_2026_collesalvetti_cantiere1.pdf
0A173E317742376CD0E8,Cantiere 3 (19/10-23/10),Cantiere Fibra Ottica,Stagno,LineString,DA COLLEGARE A ORDINANZA,,,,43.581537,10.350735,,172.7,0.173,,,,"https://www.google.com/maps?q=43.581537,10.350735",
0EB8D0BA5142376E2D37,Cantiere 3 (19/10-23/10),Cantiere Fibra Ottica,Stagno,LineString,DA COLLEGARE A ORDINANZA,,,,43.58171,10.343732,,627.5,0.627,,,,"https://www.google.com/maps?q=43.58171,10.343732",
07624940EF4237721F0B,Cantiere 3 (19/10-23/10),Cantiere Fibra Ottica,Stagno,LineString,DA COLLEGARE A ORDINANZA,,,,43.581465,10.348597,,2507.4,2.507,,,"Improbabile che il cantiere arrivi fino a queste zone, ma fino al 24 ottobre circa terrò sulla mappa tutta Via Aiaccia. Curioso che però questa tratta arriva davanti alla tratta color viola ""Opera sulla Backbone di 07/26""... analisi di questa informazione è necessaria.","https://www.google.com/maps?q=43.581465,10.348597",
0C884334EF423778B430,Cantiere 3 (19/10-23/10),Cantiere Fibra Ottica,Stagno,LineString,DA COLLEGARE A ORDINANZA,,,,43.58522,10.353831,,167.7,0.168,,,,"https://www.google.com/maps?q=43.58522,10.353831",
